{
  "total_precip": 0.0249815215460676,
  "total_precip_future": 0.037564789635914156,
  "total_true_precip": 80.1
}