{
  "total_precip": 0.07697663573107057,
  "total_precip_future": 0.0749715001144443,
  "total_true_precip": 184.5
}