{
  "total_precip": 0.06925598676259642,
  "total_precip_future": 0.07697663573107057,
  "total_true_precip": 168.6
}