{
  "total_precip_future": 44.043299999999995,
  "total_true_precip": 125.10000000000001
}