{
  "total_precip_future": 39.933299999999996,
  "total_true_precip": 100.60000000000001
}