{
  "total_precip": 0.06558588322092321,
  "total_precip_future": 0.06925598676259642,
  "total_true_precip": 168.6
}