{
  "total_precip": 0.037564789635914156,
  "total_precip_future": 0.06558588322092321,
  "total_true_precip": 80.1
}