{
  "total_precip_future": 44.043299999999995,
  "total_true_precip": 113.60000000000001
}