{
  "total_precip": 0.015872964980010323,
  "total_precip_future": 0.01538021973326817,
  "total_true_precip": 51.8
}