{
  "total_precip": 0.02014430768761241,
  "total_true_precip": 115.29999999999998
}