{
  "total_precip": 0.038403747428815554,
  "total_precip_future": 0.034407530457472545,
  "total_true_precip": 225.6
}