{
  "total_precip_future": 39.933299999999996,
  "total_true_precip": 105.10000000000001
}