{
  "total_precip": 0.004630260216071046,
  "total_precip_future": 0.038403747428815554,
  "total_true_precip": 225.6
}