{
  "total_precip": 0.01538021973326817,
  "total_precip_future": 0.036746156132694434,
  "total_true_precip": 80.1
}