{
  "total_precip": 0.0749715001144443,
  "total_precip_future": 0.0777231265144807,
  "total_true_precip": 257.9
}