{
  "total_precip": 0.036746156132694434,
  "total_precip_future": 0.0249815215460676,
  "total_true_precip": 80.1
}